-- phpMyAdmin SQL Dump
-- version 4.6.6deb5
-- https://www.phpmyadmin.net/
--
-- Client :  localhost:3306
-- Généré le :  Mar 11 Juin 2019 à 19:04
-- Version du serveur :  5.7.26-0ubuntu0.19.04.1
-- Version de PHP :  7.2.19-0ubuntu0.19.04.1

SET SQL_MODE = "NO_AUTO_VALUE_ON_ZERO";
SET time_zone = "+00:00";


/*!40101 SET @OLD_CHARACTER_SET_CLIENT=@@CHARACTER_SET_CLIENT */;
/*!40101 SET @OLD_CHARACTER_SET_RESULTS=@@CHARACTER_SET_RESULTS */;
/*!40101 SET @OLD_COLLATION_CONNECTION=@@COLLATION_CONNECTION */;
/*!40101 SET NAMES utf8mb4 */;

--
-- Base de données :  `forteroche1`
--

-- --------------------------------------------------------

--
-- Structure de la table `article`
--

CREATE TABLE `article` (
  `id` int(11) NOT NULL,
  `date` datetime NOT NULL,
  `title` varchar(255) COLLATE utf8mb4_unicode_ci NOT NULL,
  `content` text COLLATE utf8mb4_unicode_ci NOT NULL,
  `picture` text COLLATE utf8mb4_unicode_ci,
  `user_id` int(11) DEFAULT NULL,
  `category_id` int(11) DEFAULT NULL
) ENGINE=InnoDB DEFAULT CHARSET=utf8mb4 COLLATE=utf8mb4_unicode_ci;

--
-- Contenu de la table `article`
--

INSERT INTO `article` (`id`, `date`, `title`, `content`, `picture`, `user_id`, `category_id`) VALUES
(42, '2019-05-02 17:47:32', 'Un réveil douloureux', '<!DOCTYPE html>\r\n<html>\r\n<head>\r\n</head>\r\n<body>\r\n<p>Lorem ipsum dolor sit amet, consectetur adipiscing elit. Quisque sapien velit, aliquet eget commodo nec, auctor a sapien. Nam eu neque vulputate diam rhoncus faucibus. Curabitur quis varius libero. Lorem ipsum dolor sit amet, consectetur adipiscing elit. Aliquam placerat sem at mauris suscipit porta. Cras metus velit, elementum sed pellentesque a, pharetra eu eros. Etiam facilisis placerat euismod. Nam faucibus neque arcu, quis accumsan leo tincidunt varius. In vel diam enim. Sed id ultrices ligula. Maecenas at urna arcu. Sed quis nulla sapien. Nam felis mauris, tincidunt at convallis id, tempor molestie libero. Quisque viverra sollicitudin nisl sit amet hendrerit. Etiam sit amet arcu sem. Morbi eu nibh condimentum, interdum est quis, tempor nisi. Vivamus convallis erat in pharetra elementum. Phasellus metus neque, commodo vitae venenatis sed, pellentesque non purus. Pellentesque egestas convallis suscipit. Ut luctus, leo quis porta vulputate, purus purus pellentesque ex, id consequat mi nisl quis eros. Integer ornare libero quis risus fermentum consequat. Mauris pharetra odio sagittis, vulputate magna at, lobortis nulla. Proin efficitur, nisi vel finibus elementum, orci sem volutpat eros, eget ultrices velit mi sagittis massa. Vestibulum sagittis ullamcorper cursus. Ut turpis dolor, tempor ut tellus et, sodales ultricies elit. Ut pharetra tristique est ac dictum. Integer ac consectetur purus, vehicula efficitur urna. Donec ultrices accumsan ipsum vitae faucibus. Quisque malesuada ex nisi, a bibendum erat commodo in. Pellentesque suscipit varius gravida. Nam scelerisque est sit amet laoreet pharetra. Vivamus quis ligula sed lacus mattis mollis. Vivamus facilisis orci rutrum nulla porta dignissim. Fusce fermentum id nibh laoreet volutpat. Suspendisse venenatis, risus sed euismod finibus, risus arcu fringilla augue, nec vulputate felis nisl et enim. In ornare, massa a cursus cursus, nisl mi ornare mauris, nec porttitor risus erat ut odio. Integer malesuada hendrerit purus ullamcorper molestie. Fusce imperdiet orci vitae purus suscipit rutrum. Nunc ac metus ac mi commodo sagittis at in leo. Vestibulum est lorem, consequat vel dictum non, imperdiet eu felis. Vivamus molestie sapien id quam rutrum, eget hendrerit eros finibus. Morbi in justo at felis blandit fringilla at faucibus purus. Donec ac aliquet purus, vitae tincidunt nulla. Curabitur ultricies auctor quam tincidunt molestie. Quisque tristique metus nunc, in pretium lectus dictum at. Nullam scelerisque placerat dui, maximus commodo augue mollis quis. Nulla gravida ex sed lectus consectetur laoreet et vel ex. Proin pretium libero non leo mattis, ullamcorper scelerisque diam hendrerit. Quisque gravida, dui a porttitor interdum, velit quam pulvinar arcu, eu blandit sapien velit ut lacus. Vestibulum congue eleifend odio, in aliquam leo sodales sed. Nam eu lacinia ipsum. Aenean sagittis nisl eu sodales lacinia. Duis nulla ante, suscipit a nibh sit amet, blandit luctus elit. Etiam a pellentesque lectus. Morbi pulvinar dolor a mi volutpat, sit amet finibus est mattis. Nunc egestas feugiat odio sed mollis. Vestibulum accumsan, velit id facilisis fermentum, nisi risus faucibus nulla, non condimentum mauris tortor eu dui. In urna ante, consectetur ac nunc in, hendrerit elementum lacus. Pellentesque pharetra felis sit amet erat pellentesque malesuada. Sed vel placerat lectus. Pellentesque habitant morbi tristique senectus et netus et malesuada fames ac turpis egestas. Pellentesque sit amet bibendum diam, sit amet convallis mi. Sed tristique leo sit amet urna lacinia ullamcorper sit amet non sem. Aliquam erat volutpat. Etiam accumsan sit amet odio sit amet posuere. Sed lobortis auctor est a mollis. Duis leo leo, condimentum finibus magna et, tempus tincidunt nisi. Praesent quis molestie elit. Mauris ante orci, luctus et lectus nec, vestibulum suscipit sem. Duis consequat felis id est pellentesque, sit amet veuismod lobortis enim et condimentum. Suspendisse pharetra.</p>\r\n</body>\r\n</html>', 'image-SwkIRQW.jpg', 7, 1),
(43, '2019-05-03 18:55:46', 'Alaska mon amour', '<!DOCTYPE html>\r\n<html>\r\n<head>\r\n</head>\r\n<body>\r\n<p>Lorem ipsum dolor sit amet, consectetur adipiscing elit. Quisque sapien velit, aliquet eget commodo nec, auctor a sapien. Nam eu neque vulputate diam rhoncus faucibus. Curabitur quis varius libero. Lorem ipsum dolor sit amet, consectetur adipiscing elit. Aliquam placerat sem at mauris suscipit porta. Cras metus velit, elementum sed pellentesque a, pharetra eu eros. Etiam facilisis placerat euismod. Nam faucibus neque arcu, quis accumsan leo tincidunt varius. In vel diam enim. Sed id ultrices ligula. Maecenas at urna arcu. Sed quis nulla sapien. Nam felis mauris, tincidunt at convallis id, tempor molestie libero. Quisque viverra sollicitudin nisl sit amet hendrerit. Etiam sit amet arcu sem. Morbi eu nibh condimentum, interdum est quis, tempor nisi. Vivamus convallis erat in pharetra elementum. Phasellus metus neque, commodo vitae venenatis sed, pellentesque non purus. Pellentesque egestas convallis suscipit. Ut luctus, leo quis porta vulputate, purus purus pellentesque ex, id consequat mi nisl quis eros. Integer ornare libero quis risus fermentum consequat. Mauris pharetra odio sagittis, vulputate magna at, lobortis nulla. Proin efficitur, nisi vel finibus elementum, orci sem volutpat eros, eget ultrices velit mi sagittis massa. Vestibulum sagittis ullamcorper cursus. Ut turpis dolor, tempor ut tellus et, sodales ultricies elit. Ut pharetra tristique est ac dictum. Integer ac consectetur purus, vehicula efficitur urna. Donec ultrices accumsan ipsum vitae faucibus. Quisque malesuada ex nisi, a bibendum erat commodo in. Pellentesque suscipit varius gravida. Nam scelerisque est sit amet laoreet pharetra. Vivamus quis ligula sed lacus mattis mollis. Vivamus facilisis orci rutrum nulla porta dignissim. Fusce fermentum id nibh laoreet volutpat. Suspendisse venenatis, risus sed euismod finibus, risus arcu fringilla augue, nec vulputate felis nisl et enim. In ornare, massa a cursus cursus, nisl mi ornare mauris, nec porttitor risus erat ut odio. Integer malesuada hendrerit purus ullamcorper molestie. Fusce imperdiet orci vitae purus suscipit rutrum. Nunc ac metus ac mi commodo sagittis at in leo. Vestibulum est lorem, consequat vel dictum non, imperdiet eu felis. Vivamus molestie sapien id quam rutrum, eget hendrerit eros finibus. Morbi in justo at felis blandit fringilla at faucibus purus. Donec ac aliquet purus, vitae tincidunt nulla. Curabitur ultricies auctor quam tincidunt molestie. Quisque tristique metus nunc, in pretium lectus dictum at. Nullam scelerisque placerat dui, maximus commodo augue mollis quis. Nulla gravida ex sed lectus consectetur laoreet et vel ex. Proin pretium libero non leo mattis, ullamcorper scelerisque diam hendrerit. Quisque gravida, dui a porttitor interdum, velit quam pulvinar arcu, eu blandit sapien velit ut lacus. Vestibulum congue eleifend odio, in aliquam leo sodales sed. Nam eu lacinia ipsum. Aenean sagittis nisl eu sodales lacinia. Duis nulla ante, suscipit a nibh sit amet, blandit luctus elit. Etiam a pellentesque lectus. Morbi pulvinar dolor a mi volutpat, sit amet finibus est mattis. Nunc egestas feugiat odio sed mollis. Vestibulum accumsan, velit id facilisis fermentum, nisi risus faucibus nulla, non condimentum mauris tortor eu dui. In urna ante, consectetur ac nunc in, hendrerit elementum lacus. Pellentesque pharetra felis sit amet erat pellentesque malesuada. Sed vel placerat lectus. Pellentesque habitant morbi tristique senectus et netus et malesuada fames ac turpis egestas. Pellentesque sit amet bibendum diam, sit amet convallis mi. Sed tristique leo sit amet urna lacinia ullamcorper sit amet non sem. Aliquam erat volutpat. Etiam accumsan sit amet odio sit amet posuere. Sed lobortis auctor est a mollis. Duis leo leo, condimentum finibus magna et, tempus tincidunt nisi. Praesent quis molestie elit. Mauris ante orci, luctus et lectus nec, vestibulum suscipit sem. Duis consequat felis id est pellentesque, sit amet vulputate dui commodo. Vestibulum efficitur, elit eu mattis faucibus, turpis nisl lacinia sapien, nec mattis ante massa non felis. Nulla at gravida orci, nec blandit nisl. Duis sed erat a tortor accumsan scelerisque. Donec congue quam vel urna consequat, id sagittis ante pretium. Vivamus posuere, arcu nec tincidunt eleifend, ligula metus convallis odio, nec pulvinar dui leo at tortor. Suspendisse potenti. Sed a euismod mi. Maecenas suscipit luctus enim, ut facilisis elit venenatis ut. Aenean ullamcorper at erat a dictum. Donec vel nulla elit. Aliquam pharetra massa elit, sed maximus lectus mollis ut. Phasellus a ligula et neque fringilla efficitur. Vestibulum ante ipsum primis in faucibus orci luctus et ultrices posuere cubilia Curae; Aliquam euismod lobortis enim et condimentum. Suspendisse pharetra.</p>\r\n</body>\r\n</html>', 'image-13bcb813.jpg', 7, 1),
(44, '2019-05-04 18:09:51', 'Pendant ce temps', '<!DOCTYPE html>\r\n<html>\r\n<head>\r\n</head>\r\n<body>\r\n<p>Lorem ipsum dolor sit amet, consectetur adipiscing elit. Quisque sapien velit, aliquet eget commodo nec, auctor a sapien. Nam eu neque vulputate diam rhoncus faucibus. Curabitur quis varius libero. Lorem ipsum dolor sit amet, consectetur adipiscing elit. Aliquam placerat sem at mauris suscipit porta. Cras metus velit, elementum sed pellentesque a, pharetra eu eros. Etiam facilisis placerat euismod. Nam faucibus neque arcu, quis accumsan leo tincidunt varius. In vel diam enim. Sed id ultrices ligula. Maecenas at urna arcu. Sed quis nulla sapien. Nam felis mauris, tincidunt at convallis id, tempor molestie libero. Quisque viverra sollicitudin nisl sit amet hendrerit. Etiam sit amet arcu sem. Morbi eu nibh condimentum, interdum est quis, tempor nisi. Vivamus convallis erat in pharetra elementum. Phasellus metus neque, commodo vitae venenatis sed, pellentesque non purus. Pellentesque egestas convallis suscipit. Ut luctus, leo quis porta vulputate, purus purus pellentesque ex, id consequat mi nisl quis eros. Integer ornare libero quis risus fermentum consequat. Mauris pharetra odio sagittis, vulputate magna at, lobortis nulla. Proin efficitur, nisi vel finibus elementum, orci sem volutpat eros, eget ultrices velit mi sagittis massa. Vestibulum sagittis ullamcorper cursus. Ut turpis dolor, tempor ut tellus et, sodales ultricies elit. Ut pharetra tristique est ac dictum. Integer ac consectetur purus, vehicula efficitur urna. Donec ultrices accumsan ipsum vitae faucibus. Quisque malesuada ex nisi, a bibendum erat commodo in. Pellentesque suscipit varius gravida. Nam scelerisque est sit amet laoreet pharetra. Vivamus quis ligula sed lacus mattis mollis. Vivamus facilisis orci rutrum nulla porta dignissim. Fusce fermentum id nibh laoreet volutpat. Suspendisse venenatis, risus sed euismod finibus, risus arcu fringilla augue, nec vulputate felis nisl et enim. In ornare, massa a cursus cursus, nisl mi ornare mauris, nec porttitor risus erat ut odio. Integer malesuada hendrerit purus ullamcorper molestie. Fusce imperdiet orci vitae purus suscipit rutrum. Nunc ac metus ac mi commodo sagittis at in leo. Vestibulum est lorem, consequat vel dictum non, imperdiet eu felis. Vivamus molestie sapien id quam rutrum, eget hendrerit eros finibus. Morbi in justo at felis blandit fringilla at faucibus purus. Donec ac aliquet purus, vitae tincidunt nulla. Curabitur ultricies auctor quam tincidunt molestie. Quisque tristique metus nunc, in pretium lectus dictum at. Nullam scelerisque placerat dui, maximus commodo augue mollis quis. Nulla gravida ex sed lectus consectetur laoreet et vel ex. Proin pretium libero non leo mattis, ullamcorper scelerisque diam hendrerit. Quisque gravida, dui a porttitor interdum, velit quam pulvinar arcu, eu blandit sapien velit ut lacus. Vestibulum congue eleifend odio, in aliquam leo sodales sed. Nam eu lacinia ipsum. Aenean sagittis nisl eu sodales lacinia. Duis nulla ante, suscipit a nibh sit amet, blandit luctus elit. Etiam a pellentesque lectus. Morbi pulvinar dolor a mi volutpat, sit amet finibus est mattis. Nunc egestas feugiat odio sed mollis. Vestibulum accumsan, velit id facilisis fermentum, nisi risus faucibus nulla, non condimentum mauris tortor eu dui. In urna ante, consectetur ac nunc in, hendrerit elementum lacus. Pellentesque pharetra felis sit amet erat pellentesque malesuada. Sed vel placerat lectus. Pellentesque habitant morbi tristique senectus et netus et malesuada fames ac turpis egestas. Pellentesque sit amet bibendum diam, sit amet convallis mi. Sed tristique leo sit amet urna lacinia ullamcorper sit amet non sem. Aliquam erat volutpat. Etiam accumsan sit amet odio sit amet posuere. Sed lobortis auctor est a mollis. Duis leo leo, condimentum finibus magna et, tempus tincidunt nisi. Praesent quis molestie elit. Mauris ante orci, luctus et lectus nec, vestibulum suscipit sem. Duis consequat felis id est pellentesque, sit amet vulputate dui commodo. Vestibulum efficitur, elit eu mattis faucibus, turpis nisl lacinia sapien, nec mattis ante massa non felis. Nulla at gravida orci, nec blandit nisl. Duis sed erat a tortor accumsan scelerisque. Donec congue quam vel urna consequat, id sagittis ante pretium. Vivamus posuere, arcu nec tincidunt eleifend, ligula metus convallis odio, nec pulvinar dui leo at tortor. Suspendisse potenti. Sed a euismod mi. Maecenas suscipit luctus enim, ut facilisis elit venenatis ut. Aenean ullamcorper at erat a dictum. Donec vel nulla elit. Aliquam pharetra massa elit, sed maximus lectus mollis ut. Phasellus a ligula et neque fringilla efficitur. Vestibulum ante ipsum primis in faucibus orci luctus et ultrices posuere cubilia Curae; Aliquam euismod lobortis enim et condimentum. Suspendisse pharetra.</p>\r\n</body>\r\n</html>', 'image-15423.jpg', 7, 1),
(46, '2019-05-05 18:15:24', 'Salut la terre !', '<!DOCTYPE html>\r\n<html>\r\n<head>\r\n</head>\r\n<body>\r\n<p>Lorem ipsum dolor sit amet, consectetur adipiscing elit. Quisque sapien velit, aliquet eget commodo nec, auctor a sapien. Nam eu neque vulputate diam rhoncus faucibus. Curabitur quis varius libero. Lorem ipsum dolor sit amet, consectetur adipiscing elit. Aliquam placerat sem at mauris suscipit porta. Cras metus velit, elementum sed pellentesque a, pharetra eu eros. Etiam facilisis placerat euismod. Nam faucibus neque arcu, quis accumsan leo tincidunt varius. In vel diam enim. Sed id ultrices ligula. Maecenas at urna arcu. Sed quis nulla sapien. Nam felis mauris, tincidunt at convallis id, tempor molestie libero. Quisque viverra sollicitudin nisl sit amet hendrerit. Etiam sit amet arcu sem. Morbi eu nibh condimentum, interdum est quis, tempor nisi. Vivamus convallis erat in pharetra elementum. Phasellus metus neque, commodo vitae venenatis sed, pellentesque non purus. Pellentesque egestas convallis suscipit. Ut luctus, leo quis porta vulputate, purus purus pellentesque ex, id consequat mi nisl quis eros. Integer ornare libero quis risus fermentum consequat. Mauris pharetra odio sagittis, vulputate magna at, lobortis nulla. Proin efficitur, nisi vel finibus elementum, orci sem volutpat eros, eget ultrices velit mi sagittis massa. Vestibulum sagittis ullamcorper cursus. Ut turpis dolor, tempor ut tellus et, sodales ultricies elit. Ut pharetra tristique est ac dictum. Integer ac consectetur purus, vehicula efficitur urna. Donec ultrices accumsan ipsum vitae faucibus. Quisque malesuada ex nisi, a bibendum erat commodo in. Pellentesque suscipit varius gravida. Nam scelerisque est sit amet laoreet pharetra. Vivamus quis ligula sed lacus mattis mollis. Vivamus facilisis orci rutrum nulla porta dignissim. Fusce fermentum id nibh laoreet volutpat. Suspendisse venenatis, risus sed euismod finibus, risus arcu fringilla augue, nec vulputate felis nisl et enim. In ornare, massa a cursus cursus, nisl mi ornare mauris, nec porttitor risus erat ut odio. Integer malesuada hendrerit purus ullamcorper molestie. Fusce imperdiet orci vitae purus suscipit rutrum. Nunc ac metus ac mi commodo sagittis at in leo. Vestibulum est lorem, consequat vel dictum non, imperdiet eu felis. Vivamus molestie sapien id quam rutrum, eget hendrerit eros finibus. Morbi in justo at felis blandit fringilla at faucibus purus. Donec ac aliquet purus, vitae tincidunt nulla. Curabitur ultricies auctor quam tincidunt molestie. Quisque tristique metus nunc, in pretium lectus dictum at. Nullam scelerisque placerat dui, maximus commodo augue mollis quis. Nulla gravida ex sed lectus consectetur laoreet et vel ex. Proin pretium libero non leo mattis, ullamcorper scelerisque diam hendrerit. Quisque gravida, dui a porttitor interdum, velit quam pulvinar arcu, eu blandit sapien velit ut lacus. Vestibulum congue eleifend odio, in aliquam leo sodales sed. Nam eu lacinia ipsum. Aenean sagittis nisl eu sodales lacinia. Duis nulla ante, suscipit a nibh sit amet, blandit luctus elit. Etiam a pellentesque lectus. Morbi pulvinar dolor a mi volutpat, sit amet finibus est mattis. Nunc egestas feugiat odio sed mollis. Vestibulum accumsan, velit id facilisis fermentum, nisi risus faucibus nulla, non condimentum mauris tortor eu dui. In urna ante, consectetur ac nunc in, hendrerit elementum lacus. Pellentesque pharetra felis sit amet erat pellentesque malesuada. Sed vel placerat lectus. Pellentesque habitant morbi tristique senectus et netus et malesuada fames ac turpis egestas. Pellentesque sit amet bibendum diam, sit amet convallis mi. Sed tristique leo sit amet urna lacinia ullamcorper sit amet non sem. Aliquam erat volutpat. Etiam accumsan sit amet odio sit amet posuere. Sed lobortis auctor est a mollis. Duis leo leo, condimentum finibus magna et, tempus tincidunt nisi. Praesent quis molestie elit. Mauris ante orci, luctus et lectus nec, vestibulum suscipit sem. Duis consequat felis id est pellentesque, sit amet vulputate dui commodo. Vestibulum efficitur, elit eu mattis faucibus, turpis nisl lacinia sapien, nec mattis ante massa non felis. Nulla at gravida orci, nec blandit nisl. Duis sed erat a tortor accumsan scelerisque. Donec congue quam vel urna consequat, id sagittis ante pretium. Vivamus posuere, arcu nec tincidunt eleifend, ligula metus convallis odio, nec pulvinar dui leo at tortor. Suspendisse potenti. Sed a euismod mi. Maecenas suscipit luctus enim, ut facilisis elit venenatis ut. Aenean ullamcorper at erat a dictum. Donec vel nulla elit. Aliquam pharetra massa elit, sed maximus lectus mollis ut. Phasellus a ligula et neque fringilla efficitur. Vestibulum ante ipsum primis in faucibus orci luctus et ultrices posuere cubilia Curae; Aliquam euismod lobortis enim et condimentum. Suspendisse pharetra.</p>\r\n</body>\r\n</html>', 'image-348044.jpg', 7, 1),
(47, '2019-05-06 18:21:26', 'Le rendez-vous de Kéria', '<!DOCTYPE html>\r\n<html>\r\n<head>\r\n</head>\r\n<body>\r\n<p><strong>Lorem ipsum dolor sit amet, consectetur adipiscing</strong> elit. Quisque sapien velit, aliquet eget commodo nec, auctor a sapien. Nam eu neque vulputate diam rhoncus faucibus. Curabitur quis varius libero. Lorem ipsum dolor sit amet, consectetur adipiscing elit. Aliquam placerat sem at mauris suscipit porta. Cras metus velit, elementum sed pellentesque a, pharetra eu eros. Etiam facilisis placerat euismod. Nam faucibus neque arcu, quis accumsan leo tincidunt varius. In vel diam enim. Sed id ultrices ligula. Maecenas at urna arcu. Sed quis nulla sapien. Nam felis mauris, tincidunt at convallis id, tempor molestie libero. Quisque viverra sollicitudin nisl sit amet hendrerit. Etiam sit amet arcu sem. Morbi eu nibh condimentum, interdum est quis, tempor nisi. Vivamus convallis erat in pharetra elementum. Phasellus metus neque, commodo vitae venenatis sed, pellentesque non purus. Pellentesque egestas convallis suscipit. Ut luctus, leo quis porta vulputate, purus purus pellentesque ex, id consequat mi nisl quis eros. Integer ornare libero quis risus fermentum consequat. Mauris pharetra odio sagittis, vulputate magna at, lobortis nulla. Proin efficitur, nisi vel finibus elementum, orci sem volutpat eros, eget ultrices velit mi sagittis massa. Vestibulum sagittis ullamcorper cursus. Ut turpis dolor, tempor ut tellus et, sodales ultricies elit. Ut pharetra tristique est ac dictum. Integer ac consectetur purus, vehicula efficitur urna. Donec ultrices accumsan ipsum vitae faucibus. Quisque malesuada ex nisi, a bibendum erat commodo in. Pellentesque suscipit varius gravida. Nam scelerisque est sit amet laoreet pharetra. Vivamus quis ligula sed lacus mattis mollis. Vivamus facilisis orci rutrum nulla porta dignissim. Fusce fermentum id nibh laoreet volutpat. Suspendisse venenatis, risus sed euismod finibus, risus arcu fringilla augue, nec vulputate felis nisl et enim. In ornare, massa a cursus cursus, nisl mi ornare mauris, nec porttitor risus erat ut odio. Integer malesuada hendrerit purus ullamcorper molestie. Fusce imperdiet orci vitae purus suscipit rutrum. Nunc ac metus ac mi commodo sagittis at in leo. Vestibulum est lorem, consequat vel dictum non, imperdiet eu felis. Vivamus molestie sapien id quam rutrum, eget hendrerit eros finibus. Morbi in justo at felis blandit fringilla at faucibus purus. Donec ac aliquet purus, vitae tincidunt nulla. Curabitur ultricies auctor quam tincidunt molestie. Quisque tristique metus nunc, in pretium lectus dictum at. Nullam scelerisque placerat dui, maximus commodo augue mollis quis. Nulla gravida ex sed lectus consectetur laoreet et vel ex. Proin pretium libero non leo mattis, ullamcorper scelerisque diam hendrerit. Quisque gravida, dui a porttitor interdum, velit quam pulvinar arcu, eu blandit sapien velit ut lacus. Vestibulum congue eleifend odio, in aliquam leo sodales sed. Nam eu lacinia ipsum. Aenean sagittis nisl eu sodales lacinia. Duis nulla ante, suscipit a nibh sit amet, blandit luctus elit. Etiam a pellentesque lectus. Morbi pulvinar dolor a mi volutpat, sit amet finibus est mattis. Nunc egestas feugiat odio sed mollis. Vestibulum accumsan, velit id facilisis fermentum, nisi risus faucibus nulla, non condimentum mauris tortor eu dui. In urna ante, consectetur ac nunc in, hendrerit elementum lacus. Pellentesque pharetra felis sit amet erat pellentesque malesuada. Sed vel placerat lectus. Pellentesque habitant morbi tristique.</p>\r\n</body>\r\n</html>', 'image-358200.jpg', 7, 1),
(48, '2019-05-11 21:29:06', 'L’aventurier assassin', '<!DOCTYPE html>\r\n<html>\r\n<head>\r\n</head>\r\n<body>\r\n<p><strong>Lorem ipsum dolor s</strong>it amet, consectetur adipiscing elit. Quisque sapien velit, aliquet eget commodo nec, auctor a sapien. Nam eu neque vulputate diam rhoncus faucibus. Curabitur quis varius libero. Lorem ipsum dolor sit amet, consectetur adipiscing elit. Aliquam placerat sem at maurtie libero. Quisque viverra sollicitudin nisl sit amet hendrerit. Etiam sit amet arcu sem. Morbi eu nibh condimentum, interdum est quis, tempor nisi. Vivamus convallis erat in pharetra elementum. Phasellus metus neque, commodo vitae venenatis sed, pellentesque non purus. Pellentesque egestas convallis suscipit. Ut luctus, leo quis porta vulputate, purus purus pellentesque ex, id consequat mi nisl quis eros. Integer ornare libero quis risus fermentum consequat. Mauris pharetra odio sagittis, vulputate magna at, lobortis nulla. Proin efficitur, nisi vel finibus elementum, orci sem volutpat eros, eget ultrices velit mi sagittis massa. Vestibulum sagittis ullamcorper cursus. Ut turpis dolor, tempor ut tellus et, sodales ultricies elit. Ut pharetra tristique est ac dictum. Integer ac consectetur purus, vehicula efficitur urna. Donec ultrices accumsan ipsum vitae faucibus. Quisque malesuada ex nisi, a bibendum erat commodo in. Pellentesque suscipit varius gravida. Nam scelerisque est sit amet laoreet pharetra. Vivamus quis ligula sed lacus mattis mollis. Vivamus facilisis orci rutrum nulla porta dignissim. Fusce fermentum id nibh laoreet volutpat. Suspendisse venenatis, risus sed euismod finibus, risus arcu fringilla augue, nec vulputate felis nisl et enim. In ornare, massa a cursus cursus, nisl mi ornare mauris, nec porttitor risus erat ut odio. Integer malesuada hendrerit purus ullamcorper molestie. Fusce imperdiet orci vitae purus suscipit rutrum. Nunc ac metus ac mi commodo sagittis at in leo. Vestibulum est lorem, consequat vel dictum non, imperdiet eu felis. Vivamus molestie sapien id quam rutrum, eget hendrerit eros finibus. Morbi in justo at felis blandit fringilla at faucibus purus. Donec ac aliquet purus, vitae tincidunt nulla. Curabitur ultricies auctor quam tincidunt molestie. Quisque tristique metus nunc, in pretium lectus dictum at. Nullam scelerisque placerat dui, maximus commodo augue mollis quis. Nulla gravida ex sed lectus consectetur laoreet et vel ex. Proin pretium libero non leo mattis, ullamcorper scelerisque diam hendrerit. Quisque gravida, dui a porttitor interdum, velit quam pulvinar arcu, eu blandit sapien velit ut lacus. Vestibulum congue eleifend odio, in aliquam leo sodales sed. Nam eu lacinia ipsum. Aenean sagittis nisl eu sodales lacinia. Duis nulla ante, suscipit a nibh sit amet, blandit luctus elit. Etiam a pellentesque lectus. Morbi pulvinar dolor a mi volutpat, sit amet finibus est mattis. Nunc egestas feugiat odio sed mollis. Vestibulum accumsan, velit id facilisis fermentum, nisi risus faucibus nulla, non condimentum mauris tortor eu dui. In urna ante, consectetur ac nunc in, hendrerit elementum lacus. Pellentesque pharetra felis sit amet erat pellentesque malesuada. Sed vel placerat lectus. Pellentesque habitant morbi tristique senectus et netus et malesuada fames ac turpis egestas. Pellentesque sit amet bibendum diam, sit amet convallis mi. Sed tristique leo sit amet urna lacinia ullamcorper sit amet non sem. Aliquam erat volutpat. Etiam accumsan sit amet odio sit amet posuere. Sed lobortis auctor est a mollis. Duis leo leo, condimentum finibus magna et, tempus tincidunt nisi. Praesent quis molestie elit. Mauris ante orci, luctus et lectus nec, vestibulum suscipit sem. Duis consequat felis id est pellentesque, sit amet vulputate dui commodo. Vestibulum efficitur, elit eu mattis faucibus, turpis nisl lacinia sapien, nec mattis ante massa non felis. Nulla at gravida orci, nec blandit nisl. Duis sed erat a tortor accumsan scelerisque. Donec congue quam vel urna consequat, id sagittis ante pretium. Vivamus posuere, arcu nec tincidunt eleifend, ligula metus convallis odio, nec pulvinar dui leo at tortor. Suspendisse potenti. Sed a euismod mi. Maecenas suscipit luctus enim, ut facilisis elit venenatis ut. Aenean ullamcorper at erat a dictum. Donec vel nulla elit. Aliquam pharetra massa elit, sed maximus lectus mollis ut. Phasellus a ligula et neque fringilla efficitur. Vestibulum ante ipsum primis in faucibus orci luctus et ultrices posuere cubilia Curae; Aliquam euismod lobortis enim et condimentum. Suspendisse pharetra faucibus odio at faucibus. Cras lacinia bibendum orci ut varius. Maecenas consectetur sem felis, et ornare dolor gravida et. Vestibulum fermentum eleifend risus. Pellentesque consectetur sapien eu sagittis semper. Suspendisse nec semper diam, sit amet dignissim felis. Mauris placerat laoreet dui, a accumsan nunc dapibus at. Sed ac tellus consequat, mattis libero et, ultrices dui. Suspendisse semper maximus fringilla. Aliquam finibus fermentum tristique. Proin dui purus, finibus quis fermentum in, congue non arcu. Cras ornare, sapien in bibendum eleifend, nulla massa interdum ipsum, et congue neque ex vel odio. Vivamus et tincidunt lacus. Nam egestas vestibulum fringilla. Mauris gravida vestibulum cursus. Nam auctor lacinia nunc, sed consequat lorem dapibus quis. Phasellus sagittis viverra bibendum. Fusce tristique nec dui quis tempus. Phasellus eu viverra ligula. Etiam ullamcorper elit id mi sagittis, id consectetur neque congue. Proin eget nunc nec mi venenatis ullamcorper. Aliquam sit amet metus dapibus, tristique leo sed, porttitor turpis. Nam condimentum sagittis dignissim. Aenean ac tortor id massa interdum dapibus sit amet quis nunc. Quisque pretium ac dolor a venenatis. Maecenas turpis arcu, sodales vitae sapien et, lacinia placerat felis. Integer nec condimentum orci. Vivamus ac dignissim ipsum. In gravida laoreet venenatis. Fusce eget tincidunt leo, at interdum arcu. Mauris luctus nunc eu lectus posuere, non malesuada nisi molestie. Donec at dui viverra, ultricies justo eget, dapibus metus. Proin ut sem ultrices, eleifend mi vitae, lacinia ex. Proin venenatis sapien nec lacus luctus accumsan. Donec aliquet nisi id elit fringilla pulvinar. Mauris eu est at neque bibendum rhoncus ut maximus purus. Duis lacinia justo luctus ultricies faucibus. Phasellus quis lorem bibendum, eleifend massa eu, vulputate urna. Sed et sodales dui. Suspendisse ac neque ut leo placerat vehicula. Morbi volutpat nunc ac finibus mollis. Curabitur facilisis, purus sed placerat blandit, risus massa sollicitudin dolor, ac consectetur massa odio sed.</p>\r\n</body>\r\n</html>', 'image-677641.jpg', 7, 2),
(49, '2019-05-12 19:36:51', 'L’enquête policière', '<!DOCTYPE html>\r\n<html>\r\n<head>\r\n</head>\r\n<body>\r\n<p>Lorem ipsum dolor sit amet, consectetur adipiscing elit. Quisque sapien velit, aliquet eget commodo nec, auctor a sapien. Nam eu neque vulputate diam rhoncus faucibus. Curabitur quis varius libero. Lorem ipsum dolor sit amet, consectetur adipiscing elit. Aliquam placerat sem at mauris suscipit porta. Cras metus velit, elementum sed pellentesque a, pharetra eu eros. Etiam facilisis placerat euismod. Nam faucibus neque arcu, quis accumsan leo tincidunt varius. In vel diam enim. Sed id ultrices ligula. Maecenas at urna arcu. Sed quis nulla sapien. Nam felis mauris, tincidunt at convallis id, tempor molestie libero. Quisque viverra sollicitudin nisl sit amet hendrerit. Etiam sit amet arcu sem. Morbi eu nibh condimentum, interdum est quis, tempor nisi. Vivamus convallis erat in pharetra elementum. Phasellus metus neque, commodo vitae venenatis sed, pellentesque non purus. Pellentesque egestas convallis suscipit. Ut luctus, leo quis porta vulputate, purus purus pellentesque ex, id consequat mi nisl quis eros. Integer ornare libero quis risus fermentum consequat. Mauris pharetra odio sagittis, vulputate magna at, lobortis nulla. Proin efficitur, nisi vel finibus elementum, orci sem volutpat eros, eget ultrices velit mi sagittis massa. Vestibulum sagittis ullamcorper cursus. Ut turpis dolor, tempor ut tellus et, sodales ultricies elit. Ut pharetra tristique est ac dictum. Integer ac consectetur purus, vehicula efficitur urna. Donec ultrices accumsan ipsum vitae faucibus. Quisque malesuada ex nisi, a bibendum erat commodo in. Pellentesque suscipit varius gravida. Nam scelerisque est sit amet laoreet pharetra. Vivamus quis ligula sed lacus mattis mollis. Vivamus facilisis orci rutrum nulla porta dignissim. Fusce fermentum id nibh laoreet volutpat. Suspendisse venenatis, risus sed euismod finibus, risus arcu fringilla augue, nec vulputate felis nisl et enim. In ornare, massa a cursus cursus, nisl mi ornare mauris, nec porttitor risus erat ut odio. Integer malesuada hendrerit purus ullamcorper molestie. Fusce imperdiet orci vitae purus suscipit rutrum. Nunc ac metus ac mi commodo sagittis at in leo. Vestibulum est lorem, consequat vel dictum non, imperdiet eu felis. Vivamus molestie sapien id quam rutrum, eget hendrerit eros finibus. Morbi in justo at felis blandit fringilla at faucibus purus. Donec ac aliquet purus, vitae tincidunt nulla. Curabitur ultricies auctor quam tincidunt molestie. Quisque tristique metus nunc, in pretium lectus dictum at. Nullam scelerisque placerat dui, maximus commodo augue mollis quis. Nulla gravida ex sed lectus consectetur laoreet et vel ex. Proin pretium libero non leo mattis, ullamcorper scelerisque diam hendrerit. Quisque gravida, dui a porttitor interdum, velit quam pulvinar arcu, eu blandit sapien velit ut lacus. Vestibulum congue eleifend odio, in aliquam leo sodales sed. Nam eu lacinia ipsum. Aenean sagittis nisl eu sodales lacinia. Duis nulla ante, suscipit a nibh sit amet, blandit luctus elit. Etiam a pellentesque lectus. Morbi pulvinar dolor a mi volutpat, sit amet finibus est mattis. Nunc egestas feugiat odio sed mollis. Vestibulum accumsan, velit id facilisis fermentum, nisi risus faucibus nulla, non condimentum mauris tortor eu dui. In urna ante, consectetur ac nunc in, hendrerit elementum lacus. Pellentesque pharetra felis sit amet erat pellentesque malesuada. Sed vel placerat lectus. Pellentesque habitant morbi tristique senectus et netus et malesuada fames ac turpis egestas. Pellentesque sit amet bibendum diam, sit amet convallis mi. Sed tristique leo sit amet urna lacinia ullamcorper sit amet non sem. Aliquam erat volutpat. Etiam accumsan sit amet odio sit amet posuere. Sed lobortis auctor est a mollis. Duis leo leo, condimentum finibus magna et, tempus tincidunt nisi. Praesent quis molestie elit. Mauris ante orci, luctus et lectus nec, vestibulum suscipit sem. Duis consequat felis id est pellentesque, sit amet vulputate dui commodo. Vestibulum efficitur, elit eu mattis faucibus, turpis nisl lacinia sapien, nec mattis ante massa non felis. Nulla at gravida orci, nec blandit nisl. Duis sed erat a tortor accumsan scelerisque. Donec congue quam vel urna consequat, id sagittis ante pretium. Vivamus posuere, arcu nec tincidunt eleifend, ligula metus convallis odio, nec pulvinar dui leo at tortor. Suspendisse potenti. Sed a euismod mi. Maecenas suscipit luctus enim, ut facilisis elit venenatis ut. Aenean ullamcorper at erat a dictum. Donec vel nulla elit. Aliquam pharetra massa elit, sed maximus lectus mollis ut. Phasellus a ligula et neque fringilla efficitur. Vestibulum ante ipsum primis in faucibus orci luctus et ultrices posuere cubilia Curae; Aliquam euismod lobortis enim et condimentum. Suspendisse pharetra faucibus odio at faucibus. Cras lacinia bibendum orci ut varius. Maecenas consectetur sem felis, et ornare dolor gravida et. Vestibulum fermentum eleifend risus. Pellentesque consectetur sapien eu sagittis semper. Suspendisse nec semper diam, sit amet dignissim felis. Mauris placerat laoreet dui, a accumsan nunc dapibus at. Sed ac tellus consequat, mattis libero et, ultrices dui. Suspendisse semper maximus fringilla. Aliquam finibus fermentum tristique. Proin dui purus, finibus quis fermentum in, congue non arcu. Cras ornare, sapien in bibendum eleifend, nulla massa interdum ipsum, et congue neque ex vel odio. Vivamus et tincidunt lacus. Nam egestas vestibulum fringilla. Mauris gravida vestibulum cursus. Nam auctor lacinia nunc, sed consequat lorem dapibus quis. Phasellus sagittis viverra bibendum. Fusce tristique nec dui quis tempus. Phasellus eu viverra ligula. Etiam ullamcorper elit id mi sagittis, id consectetur neque congue. Proin eget nunc nec mi venenatis ullamcorper. Aliquam sit amet metus dapibus, tristique leo sed, porttitor turpis. Nam condimentum sagittis dignissim. Aenean ac tortor id massa interdum dapibus sit amet quis nunc. Quisque pretium ac dolor a venenatis. Maecenas turpis arcu, sodales vitae sapien et, lacinia placerat felis. Integer nec condimentum orci. Vivamus ac dignissim ipsum. In gravida laoreet venenatis. Fusce eget tincidunt leo, at interdum arcu. Mauris luctus nunc eu lectus posuere, non malesuada nisi molestie. Donec at dui viverra, ultricies justo eget, dapibus metus. Proin ut sem ultrices, eleifend mi vitae, lacinia ex. Proin venenatis sapien nec lacus luctus accumsan. Donec aliquet nisi id elit fringilla pulvinar. Mauris eu est at neque bibendum rhoncus ut maximus purus. Duis lacinia justo luctus ultricies faucibus. Phasellus quis lorem bibendum, eleifend massa eu, vulputate urna. Sed et sodales dui. Suspendisse ac neque ut leo placerat vehicula. Morbi volutpat nunc ac finibus mollis. Curabitur facilisis, purus sed placerat blandit, risus massa sollicitudin dolor, ac consectetur massa odio sed.fffffffffff</p>\r\n</body>\r\n</html>', 'image-748973.jpg', 7, 2),
(51, '2019-05-07 18:47:12', 'Les vacances de l’île de feu', '<!DOCTYPE html>\r\n<html>\r\n<head>\r\n</head>\r\n<body>\r\n<p>Lorem ipsum dolor sit amet, consectetur adipiscing elit. Quisque sapien velit, aliquet eget commodo nec, auctor a sapien. Nam eu neque vulputate diam rhoncus faucibus. Curabitur quis varius libero. Lorem ipsum dolor sit amet, consectetur adipiscing elit. Aliquam placerat sem at mauris suscipit porta. Cras metus velit, elementum sed pellentesque a, pharetra eu eros. Etiam facilisis placerat euismod. Nam faucibus neque arcu, quis accumsan leo tincidunt varius. In vel diam enim. Sed id ultrices ligula. Maecenas at urna arcu. Sed quis nulla sapien. Nam felis mauris, tincidunt at convallis id, tempor molestie libero. Quisque viverra sollicitudin nisl sit amet hendrerit. Etiam sit amet arcu sem. Morbi eu nibh condimentum, interdum est quis, tempor nisi. Vivamus convallis erat in pharetra elementum. Phasellus metus neque, commodo vitae venenatis sed, pellentesque non purus. Pellentesque egestas convallis suscipit. Ut luctus, leo quis porta vulputate, purus purus pellentesque ex, id consequat mi nisl quis eros. Integer ornare libero quis risus fermentum consequat. Mauris pharetra odio sagittis, vulputate magna at, lobortis nulla. Proin efficitur, nisi vel finibus elementum, orci sem volutpat eros, eget ultrices velit mi sagittis massa. Vestibulum sagittis ullamcorper cursus. Ut turpis dolor, tempor ut tellus et, sodales ultricies elit. Ut pharetra tristique est ac dictum. Integer ac consectetur purus, vehicula efficitur urna. Donec ultrices accumsan ipsum vitae faucibus. Quisque malesuada ex nisi, a bibendum erat commodo in. Pellentesque suscipit varius gravida. Nam scelerisque est sit amet laoreet pharetra. Vivamus quis ligula sed lacus mattis mollis. Vivamus facilisis orci rutrum nulla porta dignissim. Fusce fermentum id nibh laoreet volutpat. Suspendisse venenatis, risus sed euismod finibus, risus arcu fringilla augue, nec vulputate felis nisl et enim. In ornare, massa a cursus cursus, nisl mi ornare mauris, nec porttitor risus erat ut odio. Integer malesuada hendrerit purus ullamcorper molestie. Fusce imperdiet orci vitae purus suscipit rutrum. Nunc ac metus ac mi commodo sagittis at in leo. Vestibulum est lorem, consequat vel dictum non, imperdiet eu felis. Vivamus molestie sapien id quam rutrum, eget hendrerit eros finibus. Morbi in justo at felis blandit fringilla at faucibus purus. Donec ac aliquet purus, vitae tincidunt nulla. Curabitur ultricies auctor quam tincidunt molestie. Quisque tristique metus nunc, in pretium lectus dictum at. Nullam scelerisque placerat dui, maximus commodo augue mollis quis. Nulla gravida ex sed lectus consectetur laoreet et vel ex. Proin pretium libero non leo mattis, ullamcorper scelerisque diam hendrerit. Quisque gravida, dui a porttitor interdum, velit quam pulvinar arcu, eu blandit sapien velit ut lacus. Vestibulum congue eleifend odio, in aliquam leo sodales sed. Nam eu lacinia ipsum. Aenean sagittis nisl eu sodales lacinia. Duis nulla ante, suscipit a nibh sit amet, blandit luctus elit. Etiam a pellentesque lectus. Morbi pulvinar dolor a mi volutpat, sit amet finibus est mattis. Nunc egestas feugiat odio sed mollis. Vestibulum accumsan, velit id facilisis fermentum, nisi risus faucibus nulla, non condimentum mauris tortor eu dui. In urna ante, consectetur ac nunc in, hendrerit elementum lacus. Pellentesque pharetra felis sit amet erat pellentesque malesuada. Sed vel placerat lectus. Pellentesque habitant morbi tristique senectus et netus et malesuada fames ac turpis egestas. Pellentesque sit amet bibendum diam, sit amet convallis mi. Sed tristique leo sit amet urna lacinia ullamcorper sit amet non sem. Aliquam erat volutpat. Etiam accumsan sit amet odio sit amet posuere. Sed lobortis auctor est a mollis. Duis leo leo, condimentum finibus magna et, tempus tincidunt nisi. Praesent quis molestie elit. Mauris ante orci, luctus et lectus nec, vestibulum suscipit sem. Duis consequat felis id est pellentesque, sit amet vulputate dui commodo. Vestibulum efficitur, elit eu mattis faucibus, turpis nisl lacinia sapien, nec mattis ante massa non felis. Nulla at gravida orci, nec blandit nisl. Duis sed erat a tortor accumsan scelerisque. Donec congue quam vel urna consequat, id sagittis ante pretium. Vivamus posuere, arcu nec tincidunt eleifend, ligula metus convallis odio, nec pulvinar dui leo at tortor. Suspendisse potenti. Sed a euismod mi. Maecenas suscipit luctus enim, ut facilisis elit venenatis ut. Aenean ullamcorper at erat a dictum. Donec vel nulla elit. Aliquam pharetra massa elit, sed maximus lectus mollis ut. Phasellus a ligula et neque fringilla efficitur. Vestibulum ante ipsum primis in faucibus orci luctus et ultrices posuere cubilia Curae; Aliquam euismod lobortis enim et condimentum. Suspendisse pharetra.</p>\r\n</body>\r\n</html>', 'image-863481.jpg', 7, 1),
(52, '2019-05-08 18:49:19', 'Perdu de vue', '<!DOCTYPE html>\r\n<html>\r\n<head>\r\n</head>\r\n<body>\r\n<p>Lorem ipsum dolor sit amet, consectetur adipiscing elit. Quisque sapien velit, aliquet eget commodo nec, auctor a sapien. Nam eu neque vulputate diam rhoncus faucibus. Curabitur quis varius libero. Lorem ipsum dolor sit amet, consectetur adipiscing elit. Aliquam placerat sem at mauris suscipit porta. Cras metus velit, elementum sed pellentesque a, pharetra eu eros. Etiam facilisis placerat euismod. Nam faucibus neque arcu, quis accumsan leo tincidunt varius. In vel diam enim. Sed id ultrices ligula. Maecenas at urna arcu. Sed quis nulla sapien. Nam felis mauris, tincidunt at convallis id, tempor molestie libero. Quisque viverra sollicitudin nisl sit amet hendrerit. Etiam sit amet arcu sem. Morbi eu nibh condimentum, interdum est quis, tempor nisi. Vivamus convallis erat in pharetra elementum. Phasellus metus neque, commodo vitae venenatis sed, pellentesque non purus. Pellentesque egestas convallis suscipit. Ut luctus, leo quis porta vulputate, purus purus pellentesque ex, id consequat mi nisl quis eros. Integer ornare libero quis risus fermentum consequat. Mauris pharetra odio sagittis, vulputate magna at, lobortis nulla. Proin efficitur, nisi vel finibus elementum, orci sem volutpat eros, eget ultrices velit mi sagittis massa. Vestibulum sagittis ullamcorper cursus. Ut turpis dolor, tempor ut tellus et, sodales ultricies elit. Ut pharetra tristique est ac dictum. Integer ac consectetur purus, vehicula efficitur urna. Donec ultrices accumsan ipsum vitae faucibus. Quisque malesuada ex nisi, a bibendum erat commodo in. Pellentesque suscipit varius gravida. Nam scelerisque est sit amet laoreet pharetra. Vivamus quis ligula sed lacus mattis mollis. Vivamus facilisis orci rutrum nulla porta dignissim. Fusce fermentum id nibh laoreet volutpat. Suspendisse venenatis, risus sed euismod finibus, risus arcu fringilla augue, nec vulputate felis nisl et enim. In ornare, massa a cursus cursus, nisl mi ornare mauris, nec porttitor risus erat ut odio. Integer malesuada hendrerit purus ullamcorper molestie. Fusce imperdiet orci vitae purus suscipit rutrum. Nunc ac metus ac mi commodo sagittis at in leo. Vestibulum est lorem, consequat vel dictum non, imperdiet eu felis. Vivamus molestie sapien id quam rutrum, eget hendrerit eros finibus. Morbi in justo at felis blandit fringilla at faucibus purus. Donec ac aliquet purus, vitae tincidunt nulla. Curabitur ultricies auctor quam tincidunt molestie. Quisque tristique metus nunc, in pretium lectus dictum at. Nullam scelerisque placerat dui, maximus commodo augue mollis quis. Nulla gravida ex sed lectus consectetur laoreet et vel ex. Proin pretium libero non leo mattis, ullamcorper scelerisque diam hendrerit. Quisque gravida, dui a porttitor interdum, velit quam pulvinar arcu, eu blandit sapien velit ut lacus. Vestibulum congue eleifend odio, in aliquam leo sodales sed. Nam eu lacinia ipsum. Aenean sagittis nisl eu sodales lacinia. Duis nulla ante, suscipit a nibh sit amet, blandit luctus elit. Etiam a pellentesque lectus. Morbi pulvinar dolor a mi volutpat, sit amet finibus est mattis. Nunc egestas feugiat odio sed mollis. Vestibulum accumsan, velit id facilisis fermentum, nisi risus faucibus nulla, non condimentum mauris tortor eu dui. In urna ante, consectetur ac nunc in, hendrerit elementum lacus. Pellentesque pharetra felis sit amet erat pellentesque malesuada. Sed vel placerat lectus. Pellentesque habitant morbi tristique senectus et netus et malesuada fames ac turpis egestas. Pellentesque sit amet bibendum diam, sit amet convallis mi. Sed tristique leo sit amet urna lacinia ullamcorper sit amet non sem. Aliquam erat volutpat. Etiam accumsan sit amet odio sit amet posuere. Sed lobortis auctor est a mollis. Duis leo leo, condimentum finibus magna et, tempus tincidunt nisi. Praesent quis molestie elit. Mauris ante orci, luctus et lectus nec, vestibulum suscipit sem. Duis consequat felis id est pellentesque, sit amet vulputate dui commodo. Vestibulum efficitur, elit eu mattis faucibus, turpis nisl lacinia sapien, nec mattis ante massa non felis. Nulla at gravida orci, nec blandit nisl. Duis sed erat a tortor accumsan scelerisque. Donec congue quam vel urna consequat, id sagittis ante pretium. Vivamus posuere, arcu nec tincidunt eleifend, ligula metus convallis odio, nec pulvinar dui leo at tortor. Suspendisse potenti. Sed a euismod mi. Maecenas suscipit luctus enim, ut facilisis elit venenatis ut. Aenean ullamcorper at erat a dictum. Donec vel nulla elit. Aliquam pharetra massa elit, sed maximus lectus mollis ut. Phasellus a ligula et neque fringilla efficitur. Vestibulum ante ipsum primis in faucibus orci luctus et ultrices posuere cubilia Curae; Aliquam euismod lobortis enim et condimentum. Suspendisse pharetra.</p>\r\n</body>\r\n</html>', 'image-348044.jpg', 7, 1);
INSERT INTO `article` (`id`, `date`, `title`, `content`, `picture`, `user_id`, `category_id`) VALUES
(53, '2019-05-13 18:59:43', 'La rencontre', '<!DOCTYPE html>\r\n<html>\r\n<head>\r\n</head>\r\n<body>\r\n<p><strong>Lorem ipsum dolor sit amet, consectetur</strong> adipiscing elit. Quisque sapien velit, aliquet eget commodo nec, auctor a sapien. Nam eu neque vulputate diam rhoncus faucibus. Curabitur quis varius libero. Lorem ipsum dolor sit amet, consectetur adipiscing elit. Aliquam placerat sem at mauris suscipit porta. Cras metus velit, elementum sed pellentesque a, pharetra eu eros. Etiam facilisis placerat euismod. Nam faucibus neque arcu, quis accumsan leo tincidunt varius. In vel diam enim. Sed id ultrices ligula. Maecenas at urna arcu. Sed quis nulla sapien. Nam felis mauris, tincidunt at convallis id, tempor molestie libero. Quisque viverra sollicitudin nisl sit amet hendrerit. Etiam sit amet arcu sem. Morbi eu nibh condimentum, interdum est quis, tempor nisi. Vivamus convallis erat in pharetra elementum. Phasellus metus neque, commodo vitae venenatis sed, pellentesque non purus. Pellentesque egestas convallis suscipit. Ut luctus, leo quis porta vulputate, purus purus pellentesque ex, id consequat mi nisl quis eros. Integer ornare libero quis risus fermentum consequat. Mauris pharetra odio sagittis, vulputate magna at, lobortis nulla. Proin efficitur, nisi vel finibus elementum, orci sem volutpat eros, eget ultrices velit mi sagittis massa. Vestibulum sagittis ullamcorper cursus. Ut turpis dolor, tempor ut tellus et, sodales ultricies elit. Ut pharetra tristique est ac dictum. Integer ac consectetur purus, vehicula efficitur urna. Donec ultrices accumsan ipsum vitae faucibus. Quisque malesuada ex nisi, a bibendum erat commodo in. Pellentesque suscipit varius gravida. Nam scelerisque est sit amet laoreet pharetra. Vivamus quis ligula sed lacus mattis mollis. Vivamus facilisis orci rutrum nulla porta dignissim. Fusce fermentum id nibh laoreet volutpat. Suspendisse venenatis, risus sed euismod finibus, risus arcu fringilla augue, nec vulputate felis nisl et enim. In ornare, massa a cursus cursus, nisl mi ornare mauris, nec porttitor risus erat ut odio. Integer malesuada hendrerit purus ullamcorper molestie. Fusce imperdiet orci vitae purus suscipit rutrum. Nunc ac metus ac mi commodo sagittis at in leo. Vestibulum est lorem, consequat vel dictum non, imperdiet eu felis. Vivamus molestie sapien id quam rutrum, eget hendrerit eros finibus. Morbi in justo at felis blandit fringilla at faucibus purus. Donec ac aliquet purus, vitae tincidunt nulla. Curabitur ultricies auctor quam tincidunt molestie. Quisque tristique metus nunc, in pretium lectus dictum at. Nullam scelerisque placerat dui, maximus commodo augue mollis quis. Nulla gravida ex sed lectus consectetur laoreet et vel ex. Proin pretium libero non leo mattis, ullamcorper scelerisque diam hendrerit. Quisque gravida, dui a porttitor interdum, velit quam pulvinar arcu, eu blandit sapien velit ut lacus. Vestibulum congue eleifend odio, in aliquam leo sodales sed. Nam eu lacinia ipsum. Aenean sagittis nisl eu sodales lacinia. Duis nulla ante, suscipit a nibh sit amet, blandit luctus elit. Etiam a pellentesque lectus. Morbi pulvinar dolor a mi volutpat, sit amet finibus est mattis. Nunc egestas feugiat odio sed mollis. Vestibulum accumsan, velit id facilisis fermentum, nisi risus faucibus nulla, non condimentum mauris tortor eu dui. In urna ante, consectetur ac nunc in, hendrerit elementum lacus. Pellentesque pharetra felis sit amet erat pellentesque malesuada. Sed vel placerat lectus. Pellentesque habitant morbi tristique senectus et netus et malesuada fames ac turpis egestas. Pellentesque sit amet bibendum diam, sit amet convallis mi. Sed tristique leo sit amet urna lacinia ullamcorper sit amet non sem. Aliquam erat volutpat. Etiam accumsan sit amet odio sit amet posuere. Sed lobortis auctor est a mollis. Duis leo leo, condimentum finibus magna et, tempus tincidunt nisi. Praesent quis molestie elit. Mauris ante orci, luctus et lectus nec, vestibulum suscipit sem. Duis consequat felis id est pellentesque, sit amet vulputate dui commodo. Vestibulum efficitur, elit eu mattis faucibus, turpis nisl lacinia sapien, nec mattis ante massa non felis. Nulla at gravida orci, nec blandit nisl. Duis sed erat a tortor accumsan scelerisque. Donec congue quam vel urna consequat, id sagittis ante pretium. Vivamus posuere, arcu nec tincidunt eleifend, ligula metus convallis odio, nec pulvinar dui leo at tortor. Suspendisse potenti. Sed a euismod mi. Maecenas suscipit luctus enim, ut facilisis elit venenatis ut. Aenean ullamcorper at erat a dictum. Donec vel nulla elit. Aliquam pharetra massa elit, sed maximus lectus mollis ut. Phasellus a ligula et neque fringilla efficitur. Vestibulum ante ipsum primis in faucibus orci luctus et ultrices posuere cubilia Curae; Aliquam euismod lobortis enim et condimentum. Suspendisse pharetra.</p>\r\n</body>\r\n</html>', 'image-Into-the-Wild-alaskawallpaper-731125.jpg', 7, 2),
(59, '2019-05-09 17:03:18', 'Le silence du matin', '<!DOCTYPE html>\r\n<html>\r\n<head>\r\n</head>\r\n<body>\r\n<p>Lorem ipsum dolor sit amet, consectetur adipiscing elit. Quisque sapien velit, aliquet eget commodo nec, auctor a sapien. Nam eu neque vulputate diam rhoncus faucibus. Curabitur quis varius libero. Lorem ipsum dolor sit amet, consectetur adipiscing elit. Aliquam placerat sem at mauris suscipit porta. Cras metus velit, elementum sed pellentesque a, pharetra eu eros. Etiam facilisis placerat euismod. Nam faucibus neque arcu, quis accumsan leo tincidunt varius. In vel diam enim. Sed id ultrices ligula. Maecenas at urna arcu. Sed quis nulla sapien. Nam felis mauris, tincidunt at convallis id, tempor molestie libero. Quisque viverra sollicitudin nisl sit amet hendrerit. Etiam sit amet arcu sem. Morbi eu nibh condimentum, interdum est quis, tempor nisi. Vivamus convallis erat in pharetra elementum. Phasellus metus neque, commodo vitae venenatis sed, pellentesque non purus. Pellentesque egestas convallis suscipit. Ut luctus, leo quis porta vulputate, purus purus pellentesque ex, id consequat mi nisl quis eros. Integer ornare libero quis risus fermentum consequat. Mauris pharetra odio sagittis, vulputate magna at, lobortis nulla. Proin efficitur, nisi vel finibus elementum, orci sem volutpat eros, eget ultrices velit mi sagittis massa. Vestibulum sagittis ullamcorper cursus. Ut turpis dolor, tempor ut tellus et, sodales ultricies elit. Ut pharetra tristique est ac dictum. Integer ac consectetur purus, vehicula efficitur urna. Donec ultrices accumsan ipsum vitae faucibus. Quisque malesuada ex nisi, a bibendum erat commodo in. Pellentesque suscipit varius gravida. Nam scelerisque est sit amet laoreet pharetra. Vivamus quis ligula sed lacus mattis mollis. Vivamus facilisis orci rutrum nulla porta dignissim. Fusce fermentum id nibh laoreet volutpat. Suspendisse venenatis, risus sed euismod finibus, risus arcu fringilla augue, nec vulputate felis nisl et enim. In ornare, massa a cursus cursus, nisl mi ornare mauris, nec porttitor risus erat ut odio. Integer malesuada hendrerit purus ullamcorper molestie. Fusce imperdiet orci vitae purus suscipit rutrum. Nunc ac metus ac mi commodo sagittis at in leo. Vestibulum est lorem, consequat vel dictum non, imperdiet eu felis. Vivamus molestie sapien id quam rutrum, eget hendrerit eros finibus. Morbi in justo at felis blandit fringilla at faucibus purus. Donec ac aliquet purus, vitae tincidunt nulla. Curabitur ultricies auctor quam tincidunt molestie. Quisque tristique metus nunc, in pretium lectus dictum at. Nullam scelerisque placerat dui, maximus commodo augue mollis quis. Nulla gravida ex sed lectus consectetur laoreet et vel ex. Proin pretium libero non leo mattis, ullamcorper scelerisque diam hendrerit. Quisque gravida, dui a porttitor interdum, velit quam pulvinar arcu, eu blandit sapien velit ut lacus. Vestibulum congue eleifend odio, in aliquam leo sodales sed. Nam eu lacinia ipsum. Aenean sagittis nisl eu sodales lacinia. Duis nulla ante, suscipit a nibh sit amet, blandit luctus elit. Etiam a pellentesque lectus. Morbi pulvinar dolor a mi volutpat, sit amet finibus est mattis. Nunc egestas feugiat odio sed mollis. Vestibulum accumsan, velit id facilisis fermentum, nisi risus faucibus nulla, non condimentum mauris tortor eu dui. In urna ante, consectetur ac nunc in, hendrerit elementum lacus. Pellentesque pharetra felis sit amet erat pellentesque malesuada. Sed vel placerat lectus. Pellentesque habitant morbi tristique senectus et netus et malesuada fames ac turpis egestas. Pellentesque sit amet bibendum diam, sit amet convallis mi. Sed tristique leo sit amet urna lacinia ullamcorper sit amet non sem. Aliquam erat volutpat. Etiam accumsan sit amet odio sit amet posuere. Sed lobortis auctor est a mollis. Duis leo leo, condimentum finibus magna et, tempus tincidunt nisi. Praesent quis molestie elit. Mauris ante orci, luctus et lectus nec, vestibulum suscipit sem. Duis consequat felis id est pellentesque, sit amet vulputate dui commodo. Vestibulum efficitur, elit eu mattis faucibus, turpis nisl lacinia sapien, nec mattis ante massa non felis. Nulla at gravida orci, nec blandit nisl. Duis sed erat a tortor accumsan scelerisque. Donec congue quam vel urna consequat, id sagittis ante pretium. Vivamus posuere, arcu nec tincidunt eleifend, ligula metus convallis odio, nec pulvinar dui leo at tortor. Suspendisse potenti. Sed a euismod mi. Maecenas suscipit luctus enim, ut facilisis elit venenatis ut. Aenean ullamcorper at erat a dictum. Donec vel nulla elit. Aliquam pharetra massa elit, sed maximus lectus mollis ut. Phasellus a ligula et neque fringilla efficitur. Vestibulum ante ipsum primis in faucibus orci luctus et ultrices posuere cubilia Curae; Aliquam euismod lobortis enim et condimentum. Suspendisse pharetra.</p>\r\n</body>\r\n</html>', 'image-Spotlight Yukon and Alaska Caribou.jpg', 7, 1),
(60, '2019-05-10 16:14:58', 'Genèse', '<!DOCTYPE html>\r\n<html>\r\n<head>\r\n</head>\r\n<body>\r\n<p>Lorem ipsum dolor sit amet, consectetur adipiscing elit. Quisque sapien velit, aliquet eget commodo nec, auctor a sapien. Nam eu neque vulputate diam rhoncus faucibus. Curabitur quis varius libero. Lorem ipsum dolor sit amet, consectetur adipiscing elit. Aliquam placerat sem at mauris suscipit porta. Cras metus velit, elementum sed pellentesque a, pharetra eu eros. Etiam facilisis placerat euismod. Nam faucibus neque arcu, quis accumsan leo tincidunt varius. In vel diam enim. Sed id ultrices ligula. Maecenas at urna arcu. Sed quis nulla sapien. Nam felis mauris, tincidunt at convallis id, tempor molestie libero. Quisque viverra sollicitudin nisl sit amet hendrerit. Etiam sit amet arcu sem. Morbi eu nibh condimentum, interdum est quis, tempor nisi. Vivamus convallis erat in pharetra elementum. Phasellus metus neque, commodo vitae venenatis sed, pellentesque non purus. Pellentesque egestas convallis suscipit. Ut luctus, leo quis porta vulputate, purus purus pellentesque ex, id consequat mi nisl quis eros. Integer ornare libero quis risus fermentum consequat. Mauris pharetra odio sagittis, vulputate magna at, lobortis nulla. Proin efficitur, nisi vel finibus elementum, orci sem volutpat eros, eget ultrices velit mi sagittis massa. Vestibulum sagittis ullamcorper cursus. Ut turpis dolor, tempor ut tellus et, sodales ultricies elit. Ut pharetra tristique est ac dictum. Integer ac consectetur purus, vehicula efficitur urna. Donec ultrices accumsan ipsum vitae faucibus. Quisque malesuada ex nisi, a bibendum erat commodo in. Pellentesque suscipit varius gravida. Nam scelerisque est sit amet laoreet pharetra. Vivamus quis ligula sed lacus mattis mollis. Vivamus facilisis orci rutrum nulla porta dignissim. Fusce fermentum id nibh laoreet volutpat. Suspendisse venenatis, risus sed euismod finibus, risus arcu fringilla augue, nec vulputate felis nisl et enim. In ornare, massa a cursus cursus, nisl mi ornare mauris, nec porttitor risus erat ut odio. Integer malesuada hendrerit purus ullamcorper molestie. Fusce imperdiet orci vitae purus suscipit rutrum. Nunc ac metus ac mi commodo sagittis at in leo. Vestibulum est lorem, consequat vel dictum non, imperdiet eu felis. Vivamus molestie sapien id quam rutrum, eget hendrerit eros finibus. Morbi in justo at felis blandit fringilla at faucibus purus. Donec ac aliquet purus, vitae tincidunt nulla. Curabitur ultricies auctor quam tincidunt molestie. Quisque tristique metus nunc, in pretium lectus dictum at. Nullam scelerisque placerat dui, maximus commodo augue mollis quis. Nulla gravida ex sed lectus consectetur laoreet et vel ex. Proin pretium libero non leo mattis, ullamcorper scelerisque diam hendrerit. Quisque gravida, dui a porttitor interdum, velit quam pulvinar arcu, eu blandit sapien velit ut lacus. Vestibulum congue eleifend odio, in aliquam leo sodales sed. Nam eu lacinia ipsum. Aenean sagittis nisl eu sodales lacinia. Duis nulla ante, suscipit a nibh sit amet, blandit luctus elit. Etiam a pellentesque lectus. Morbi pulvinar dolor a mi volutpat, sit amet finibus est mattis. Nunc egestas feugiat odio sed mollis. Vestibulum accumsan, velit id facilisis fermentum, nisi risus faucibus nulla, non condimentum mauris tortor eu dui. In urna ante, consectetur ac nunc in, hendrerit elementum lacus. Pellentesque pharetra felis sit amet erat pellentesque malesuada. Sed vel placerat lectus. Pellentesque habitant morbi tristique senectus et netus et malesuada fames ac turpis egestas. Pellentesque sit amet bibendum diam, sit amet convallis mi. Sed tristique leo sit amet urna lacinia ullamcorper sit amet non sem. Aliquam erat volutpat. Etiam accumsan sit amet odio sit amet posuere. Sed lobortis auctor est a mollis. Duis leo leo, condimentum finibus magna et, tempus tincidunt nisi. Praesent quis molestie elit. Mauris ante orci, luctus et lectus nec, vestibulum suscipit sem. Duis consequat felis id est pellentesque, sit amet vulputate dui commodo. Vestibulum efficitur, elit eu mattis faucibus, turpis nisl lacinia sapien, nec mattis ante massa non felis. Nulla at gravida orci, nec blandit nisl. Duis sed erat a tortor accumsan scelerisque. Donec congue quam vel urna consequat, id sagittis ante pretium. Vivamus posuere, arcu nec tincidunt eleifend, ligula metus convallis odio, nec pulvinar dui leo at tortor. Suspendisse potenti. Sed a euismod mi. Maecenas suscipit luctus enim, ut facilisis elit venenatis ut. Aenean ullamcorper at erat a dictum. Donec vel nulla elit. Aliquam pharetra massa elit, sed maximus lectus mollis ut. Phasellus a ligula et neque fringilla efficitur. Vestibulum ante ipsum primis in faucibus orci luctus et ultrices posuere cubilia Curae; Aliquam euismod lobortis enim et condimentum. Suspendisse pharetra faucibus odio at faucibus. Cras lacinia bibendum orci ut varius. Maecenas consectetur sem felis, et ornare dolor gravida et. Vestibulum fermentum eleifend risus. Pellentesque consectetur sapien eu sagittis semper. Suspendisse nec semper diam, sit amet dignissim felis. Mauris placerat laoreet dui, a accumsan nunc dapibus at. Sed ac tellus consequat, mattis libero et, ultrices dui. Suspendisse semper maximus fringilla. Aliquam finibus fermentum tristique. Proin dui purus, finibus quis fermentum in, congue non arcu. Cras ornare, sapien in bibendum eleifend, nulla massa interdum ipsum, et congue neque ex vel odio. Vivamus et tincidunt lacus. Nam egestas vestibulum fringilla. Mauris gravida vestibulum cursus. Nam auctor lacinia nunc, sed consequat lorem dapibus quis. Phasellus sagittis viverra bibendum. Fusce tristique nec dui quis tempus. Phasellus eu viverra ligula. Etiam ullamcorper elit id mi sagittis, id consectetur neque congue. Proin eget nunc nec mi venenatis ullamcorper. Aliquam sit amet metus dapibus, tristique leo sed, porttitor turpis. Nam condimentum sagittis dignissim. Aenean ac tortor id massa interdum dapibus sit amet quis nunc. Quisque pretium ac dolor a venenatis. Maecenas turpis arcu, sodales vitae sapien et, lacinia placerat felis. Integer nec condimentum orci. Vivamus ac dignissim ipsum. In gravida laoreet venenatis. Fusce eget tincidunt leo, at interdum arcu. Mauris luctus nunc eu lectus posuere, non malesuada nisi molestie. Donec at dui viverra, ultricies justo eget, dapibus metus. Proin ut sem ultrices, eleifend mi vitae, lacinia ex. Proin venenatis sapien nec lacus luctus accumsan. Donec aliquet nisi id elit fringilla pulvinar. Mauris eu est at neque bibendum rhoncus ut maximus purus. Duis lacinia justo luctus ultricies faucibus. Phasellus quis lorem bibendum, eleifend massa eu, vulputate urna. Sed et sodales dui. Suspendisse ac neque ut leo placerat vehicula. Morbi volutpat nunc ac finibus mollis. Curabitur facilisis, purus sed placerat blandit, risus massa sollicitudin dolor, ac consectetur massa odio sed.</p>\r\n</body>\r\n</html>', 'image-1000-mountains-lake-alaska-80-opacity.jpg', 7, 1);

-- --------------------------------------------------------

--
-- Structure de la table `category`
--

CREATE TABLE `category` (
  `id` int(11) NOT NULL,
  `name` varchar(60) COLLATE utf8mb4_unicode_ci NOT NULL
) ENGINE=InnoDB DEFAULT CHARSET=utf8mb4 COLLATE=utf8mb4_unicode_ci;

--
-- Contenu de la table `category`
--

INSERT INTO `category` (`id`, `name`) VALUES
(1, 'Chapitre 1'),
(2, 'Chapitre 2'),
(3, 'Chapitre 3'),
(4, 'Chapitre 4'),
(5, 'Chapitre 5'),
(6, 'Chapitre 6'),
(7, 'Chapitre 7'),
(8, 'Chapitre 8');

-- --------------------------------------------------------

--
-- Structure de la table `comment`
--

CREATE TABLE `comment` (
  `id` int(11) NOT NULL,
  `date` datetime NOT NULL,
  `content` text COLLATE utf8mb4_unicode_ci NOT NULL,
  `user_id` int(11) DEFAULT NULL,
  `article_id` int(11) DEFAULT NULL,
  `signale` int(11) DEFAULT NULL
) ENGINE=InnoDB DEFAULT CHARSET=utf8mb4 COLLATE=utf8mb4_unicode_ci;

--
-- Contenu de la table `comment`
--

INSERT INTO `comment` (`id`, `date`, `content`, `user_id`, `article_id`, `signale`) VALUES
(73, '2019-05-13 00:00:00', 'Histoire drôle et captivante. J’ai presque passer plus de temps à lire qu’à bosser (à l’hôpital!) cet après-midi. Merci pour cette description de la réa et de l’hôpital en général, lorsque l’on est soignant, on se retrouve dans le personnage de Peyton.\r\n\r\nMerci pour ce livre, à quand le prochain ?', 15, 60, 0),
(80, '2019-05-14 00:00:00', '\r\nQuel plaisir de retrouvé cette auteure avec cette sublime nouvelle *.*\r\nJe dois d’abord parlé des personnages, Peyton et Lisa, je ne sais pas laquelle des deux m’a fait le plus rire, certainement Peyton. Et laquelle des deux m’a le plus bouleverser, certainement Lisa ou peut-être même que Christopher lui vole la vedette ^^\r\n\r\nN’attendez plus pour découvrir ce petit chef d’oeuvre, de la passion, du suspense, du rire, de l’amour … Tout est réunis dans cette nouvelle pour passer un très bon moment.', 11, 59, 0),
(81, '2019-05-15 17:36:25', 'Excellente histoire !\r\nSolide, bien structurée, bien menée. Résolument optimiste.\r\nAvec des héroïnes adultes, responsables, proche de la vie quotidienne.\r\nEt une pincée d’humour pour rehausser le tout.', 14, 48, 0),
(82, '2019-05-16 17:36:51', 'Une nouvelle que j’ai pu apprécier grandement. Du rire à l’angoisse. Il n’est jamais facile de traiter ce genre de maladie. Je trouve que tu as rondement mené cette étape. Tu en parles peu, mais suffisamment pour que l’on puisse comprendre par quoi les malades de cette sal,!# passent. Une histoire d’amour qui démarre sur un coup de tête qui s’avere Finalement plus profonde qu’à ça. Un grand merci à toi pour ce voyage entrecoupé de douces mélodies sous fond aseptisé.', 15, 49, 0),
(83, '2019-05-16 17:37:17', 'Pas évident de parler d’amour sur fond de maladie grave et pourtant voilà la prouesse réalisée par l’auteure. L’histoire est agréable et bien construite, les personnages sont attachants. Un vrai bonheur à lire.\r\nSeul bémol… cela finit bien trop vite!!!', 13, 53, 0),
(84, '2019-05-17 17:37:40', 'J’ai beaucoup aimé cette histoire tendre et attachante, ponctuée de beaucoup d’humour à travers d’excellents dialogues.\r\nL’écriture est, comme toujours avec Marie Parson, fluide, légère et très bien rythmée.\r\nMon bémol serait juste sur trop de descriptions du milieu hospitalier, me replongeant dans une période où, malheureusement, l’hôpital était aussi devenu une routine quotidienne.\r\nLes deux personnages sont haut en couleur avec une mention pour la maman et la grand-mère de Peyton que j’ai réellement adoré par leur approche bienveillante, et leur douceur.\r\nUne très belle histoire que je recommande chaudement.', 14, 43, 0),
(85, '2019-05-18 17:38:10', 'J’ai adoré ce roman. Ce n’est pas une romance comme les autres, c’est un peu plus psychologique. On suit des personnages à différents moments de leur vie et leurs destins finissent par s’entrecroiser de manière inattendue. Je n’ai pas pu arrêter de le lire, et je le recommande à celles et ceux qui aiment les histoires qui sortent de l’ordinaire, où l’amour finit par se faire une place.', 11, 52, 0),
(86, '2019-05-18 17:38:37', 'Et bien c’était juste parfait encore une fois et je le savais avant même de lire la première ligne. Il est évident que la plume de Lena m’a déjà conquise. Ce roman est génial, j’ai dévoré et savouré chaque ligne. Quel plaisir de revoir les personnages que je connais, et surtout Sierra ! J’ai adoré découvrir Tamsyn et sa romance avec Sierra me donne encore des frissons !\r\nMon seul regret est de l’avoir lu aussi vite. Moi qui n’aimais pas lire on peut dire que c’est de l’histoire ancienne ! J’espère vraiment retrouver cet univers. Et je m’en vais relire tout ce que j’ai de Lena Clarke avant de découvrir une de ses nouvelles œuvres avec impatience', 11, 51, 0),
(87, '2019-05-19 17:39:23', 'Je ne pensais pas du tout être autant absorbée par ma lecture. L’univers fantastique n’étant pas le style que je lis le plus, c’est avec crainte que ce livre ne me plaise pas que je l’ai commencé. Mais comment dire… Ce livre est incroyable. Dès le début on est transporté dans un autre monde rempli de magie, un monde qui m’a fasciné au plus haut point. J’ai adorer cette univers assez détailler, ou les personnages, les lieux, les intrigues prenaient vie durant ma lecture. Je pense qu’il faut le lire pour comprendre cet amour pour ce roman. Je remercie l’auteure pour cette superbe histoire et la conseil à tous', 13, 47, 0),
(88, '2019-05-20 17:39:46', 'Super roman avec une vrai histoire qui tiens la route tout le long ! La SF est définitivement le sujet de prédilection de cet auteure (de mon point de vue!) et les deux histoires d’amour sont géniale ^^\r\n\r\nJ’espère vraiment une suite… !!', 15, 46, 0),
(89, '2019-05-21 17:40:07', 'Je vais faire simple, j’ai adoré ce livre !!! Il est vraiment top !!\r\nJ’attend la suite avec impatience et juste pour information, la longueur ne me fait pas peur\r\nMerci beaucoup pour ce sacré moment !!', 14, 44, 0);

-- --------------------------------------------------------

--
-- Structure de la table `user`
--

CREATE TABLE `user` (
  `id` int(11) NOT NULL,
  `firstname` varchar(70) COLLATE utf8mb4_unicode_ci NOT NULL,
  `lastname` varchar(90) COLLATE utf8mb4_unicode_ci NOT NULL,
  `email` varchar(50) COLLATE utf8mb4_unicode_ci NOT NULL,
  `pass` varchar(255) COLLATE utf8mb4_unicode_ci NOT NULL,
  `registered` date NOT NULL,
  `status` varchar(8) COLLATE utf8mb4_unicode_ci NOT NULL
) ENGINE=InnoDB DEFAULT CHARSET=utf8mb4 COLLATE=utf8mb4_unicode_ci;

--
-- Contenu de la table `user`
--

INSERT INTO `user` (`id`, `firstname`, `lastname`, `email`, `pass`, `registered`, `status`) VALUES
(7, 'Cyril', 'Favier', 'super@root.com', '$2y$10$bKlwx7svCmFBDq4dVB4tNe5PitZUT8zv1pWw2GAilJkQUBr4HB94q', '2019-05-02', 'admin'),
(11, 'Fabien', 'Delamare', 'delamare@gmail.com', '$2y$10$7LxdYS69w83hFc9b1xtN7.wmWAGkwEUHle8LdFe1Zk3fOIgIvUHsm', '2019-05-14', 'user'),
(13, 'Céline', 'Dubuc', 'celine.dubuc@gmail.com', '$2y$10$/JdyN4WQlTSSLkPJ7JqyZu6A0zsgnzK1YBO40aG2u1G/69LCg47y2', '2019-05-10', 'user'),
(14, 'Pierre', 'Legrand', 'pierre@gmail.com', '$2y$10$YfbCC.X88qT413u6M3h15OKJC.PcN3ISse556fOh21/nsh8RXakSC', '2019-05-15', 'user'),
(15, 'Nathalie', 'Lafitte', 'lafitte@gmail.com', '$2y$10$T3QxsYFZkVFdX7Go7uasK.FQSVnx7oPoZkEeV1/55L3GD2osKQdtC', '2019-05-13', 'user');

--
-- Index pour les tables exportées
--

--
-- Index pour la table `article`
--
ALTER TABLE `article`
  ADD PRIMARY KEY (`id`),
  ADD KEY `user_id` (`user_id`),
  ADD KEY `category_id` (`category_id`);

--
-- Index pour la table `category`
--
ALTER TABLE `category`
  ADD PRIMARY KEY (`id`);

--
-- Index pour la table `comment`
--
ALTER TABLE `comment`
  ADD PRIMARY KEY (`id`),
  ADD KEY `user_id` (`user_id`),
  ADD KEY `article_id` (`article_id`);

--
-- Index pour la table `user`
--
ALTER TABLE `user`
  ADD PRIMARY KEY (`id`);

--
-- AUTO_INCREMENT pour les tables exportées
--

--
-- AUTO_INCREMENT pour la table `article`
--
ALTER TABLE `article`
  MODIFY `id` int(11) NOT NULL AUTO_INCREMENT, AUTO_INCREMENT=72;
--
-- AUTO_INCREMENT pour la table `category`
--
ALTER TABLE `category`
  MODIFY `id` int(11) NOT NULL AUTO_INCREMENT, AUTO_INCREMENT=9;
--
-- AUTO_INCREMENT pour la table `comment`
--
ALTER TABLE `comment`
  MODIFY `id` int(11) NOT NULL AUTO_INCREMENT, AUTO_INCREMENT=91;
--
-- AUTO_INCREMENT pour la table `user`
--
ALTER TABLE `user`
  MODIFY `id` int(11) NOT NULL AUTO_INCREMENT, AUTO_INCREMENT=26;
--
-- Contraintes pour les tables exportées
--

--
-- Contraintes pour la table `article`
--
ALTER TABLE `article`
  ADD CONSTRAINT `article_ibfk_1` FOREIGN KEY (`user_id`) REFERENCES `user` (`id`),
  ADD CONSTRAINT `article_ibfk_2` FOREIGN KEY (`category_id`) REFERENCES `category` (`id`);

--
-- Contraintes pour la table `comment`
--
ALTER TABLE `comment`
  ADD CONSTRAINT `comment_ibfk_1` FOREIGN KEY (`user_id`) REFERENCES `user` (`id`) ON DELETE CASCADE ON UPDATE CASCADE,
  ADD CONSTRAINT `comment_ibfk_2` FOREIGN KEY (`article_id`) REFERENCES `article` (`id`) ON DELETE CASCADE ON UPDATE CASCADE;

/*!40101 SET CHARACTER_SET_CLIENT=@OLD_CHARACTER_SET_CLIENT */;
/*!40101 SET CHARACTER_SET_RESULTS=@OLD_CHARACTER_SET_RESULTS */;
/*!40101 SET COLLATION_CONNECTION=@OLD_COLLATION_CONNECTION */;
